report_id,citation_key,source_url,highest_exposure,evaluation_context,located_passages,indicator_anchor,evidence_linkage,locator_status
R004,egli2022_soil,https://doi.org/10.1109/LRA.2022.3189834,L3 — Construction-representative testbed,Soil-Adaptive Excavation Using Reinforcement Learning,"PDF page locations: 6. These are recorded retrieval locations, not independently verified indicator-specific evidence.",Indicator-specific source verification incomplete,Same-configuration assessment; one-event linkage not inferred unless source sequence establishes it,Evaluation passage located; indicator-specific verification incomplete
R005,egli2022general,https://doi.org/10.1109/LRA.2022.3152865,L3 — Construction-representative testbed,A general approach for the automation of hydraulic excavator arms using reinforcement learning,"PDF page locations: 1, 2, 6, 7. These are recorded retrieval locations, not independently verified indicator-specific evidence.",Indicator-specific source verification incomplete,Same-configuration assessment; one-event linkage not inferred unless source sequence establishes it,Evaluation passage located; indicator-specific verification incomplete
R006,lu2022excavation,https://doi.org/10.1109/LRA.2022.3150511,L3 — Construction-representative testbed,Excavation reinforcement learning using geometric representation,"PDF page locations: 6. These are recorded retrieval locations, not independently verified indicator-specific evidence.",Indicator-specific source verification incomplete,Same-configuration assessment; one-event linkage not inferred unless source sequence establishes it,Evaluation passage located; indicator-specific verification incomplete
R012,jin2023learning,https://doi.org/10.48550/arXiv.2303.16427,L3 — Construction-representative testbed,Learning excavation of rigid objects with offline reinforcement learning,"PDF page locations: 7. These are recorded retrieval locations, not independently verified indicator-specific evidence.",Indicator-specific source verification incomplete,Same-configuration assessment; one-event linkage not inferred unless source sequence establishes it,Evaluation passage located; indicator-specific verification incomplete
R016,egli2024reinforcement,https://doi.org/10.1109/TFR.2024.3432508,L5 — Workflow-integrated repeated operation,Reinforcement learning-based bucket filling for autonomous excavation,"PDF page locations: 1, 5, 12, 14. These are recorded retrieval locations, not independently verified indicator-specific evidence.",Indicator-specific source verification incomplete,Same-configuration assessment; one-event linkage not inferred unless source sequence establishes it,Evaluation passage located; indicator-specific verification incomplete
R017,eriksson2024automatic,https://doi.org/10.1109/ICRA57147.2024.10610221,L3 — Construction-representative testbed,Noise-free physical evaluation after ten-episode training blocks; ten fillings per controller,PDF pp. 2-3 III.A-C and Figs. 2-3; p. 4 III.D and IV.B; pp. 5-6 V.B and Fig. 9,Detection: pp. 3-5 sensor inputs retained during evaluation; response: p. 4 safety-driver abort is available but pp. 5-6 evaluation reports no activated abort; restoration/resumption: pp. 5-6 separate evaluation fillings do not establish either indicator,Do not infer enacted response from nominal loading phase transitions or between-episode training updates,Source-bound reassessment completed 2026-09-09 for R017; not new coauthor confirmation
R018,eriksson2024optimizing,https://doi.org/10.1016/j.autcon.2024.105804,L3 — Construction-representative testbed,Optimizing bucket-filling strategies for wheel loaders inside a dream environment,"PDF page locations: 7, 9. These are recorded retrieval locations, not independently verified indicator-specific evidence.",Indicator-specific source verification incomplete,Same-configuration assessment; one-event linkage not inferred unless source sequence establishes it,Evaluation passage located; indicator-specific verification incomplete
R023,shen2024generalized,https://doi.org/10.1109/SII58957.2024.10417575,L3 — Construction-representative testbed,Generalized Framework for Wheel Loader Automatic Shoveling Task with Expert Initialized Reinforcement Learning,"PDF page locations: 1, 6, 7. These are recorded retrieval locations, not independently verified indicator-specific evidence.",Indicator-specific source verification incomplete,Same-configuration assessment; one-event linkage not inferred unless source sequence establishes it,Evaluation passage located; indicator-specific verification incomplete
R025,chen2025safe,https://doi.org/10.1007/s11071-025-11500-w,L3 — Construction-representative testbed,Safe reinforcement learning for tracking control of uncertain hydraulic excavators,"PDF page locations: 12. These are recorded retrieval locations, not independently verified indicator-specific evidence.",Indicator-specific source verification incomplete,Same-configuration assessment; one-event linkage not inferred unless source sequence establishes it,Evaluation passage located; indicator-specific verification incomplete
R026,gruetter2025towards,https://doi.org/10.48550/arXiv.2509.17683,L3 — Construction-representative testbed,Towards Learning Boulder Excavation with Hydraulic Excavators,"PDF page locations: 6, 7. These are recorded retrieval locations, not independently verified indicator-specific evidence.",Indicator-specific source verification incomplete,Same-configuration assessment; one-event linkage not inferred unless source sequence establishes it,Evaluation passage located; indicator-specific verification incomplete
R028,kadokawa2025progressive,https://doi.org/10.1109/TASE.2025.3590068,L3 — Construction-representative testbed,Progressive-resolution policy distillation: Leveraging coarse-resolution simulations for time-efficient fine-resolution policy learning,"PDF page locations: 7. These are recorded retrieval locations, not independently verified indicator-specific evidence.",Indicator-specific source verification incomplete,Same-configuration assessment; one-event linkage not inferred unless source sequence establishes it,Evaluation passage located; indicator-specific verification incomplete
R030,mori2025human,https://doi.org/10.1109/ACCESS.2025.3585182,L3 — Construction-representative testbed,Human-in-the-Loop Reinforcement Learning to Track Excavation Paths for a Hydraulic Excavator in a Short Period of Time,"PDF page locations: 10, 13. These are recorded retrieval locations, not independently verified indicator-specific evidence.",Section V and VI.C: training assistance; VI.D and Fig. 13: additional execution; VI.E: evaluation tasks. Training restoration/return of authority is not evaluation enactment.,Same-configuration assessment; one-event linkage not inferred unless source sequence establishes it,Evaluation passage located; indicator-specific verification incomplete
R037,shen2026solving,https://doi.org/10.3389/frobt.2025.1682200,L3 — Construction-representative testbed,Solving robotics tasks with prior demonstration via exploration-efficient deep reinforcement learning,"PDF page locations: 10, 11. These are recorded retrieval locations, not independently verified indicator-specific evidence.",Indicator-specific source verification incomplete,Same-configuration assessment; one-event linkage not inferred unless source sequence establishes it,Evaluation passage located; indicator-specific verification incomplete
R038,spinelli2026large,https://doi.org/10.1109/TFR.2026.3662619,L5 — Workflow-integrated repeated operation,"Large-Scale Robotic Material Handling: Learning, Planning, and Control","PDF page locations: 16, 21. These are recorded retrieval locations, not independently verified indicator-specific evidence.","State-machine description, PDF pp. 15-16 (FAILED -> STOPPED until manual reset); Section V.D: bulk material pile transfer. Nominal transitions do not establish post-event resumption.",Same-configuration assessment; one-event linkage not inferred unless source sequence establishes it,Evaluation passage located; indicator-specific verification incomplete
R044,spinelli2024reinforcement,https://doi.org/10.1109/iros58592.2024.10802199,L3 — Construction-representative testbed,Reinforcement learning control for autonomous hydraulic material handling machines with underactuated tools,"PDF page locations: 7. These are recorded retrieval locations, not independently verified indicator-specific evidence.",Indicator-specific source verification incomplete,Same-configuration assessment; one-event linkage not inferred unless source sequence establishes it,Evaluation passage located; indicator-specific verification incomplete
R055,apolinarska2021robotic,https://doi.org/10.1016/j.autcon.2021.103569,L3 — Construction-representative testbed,Robotic assembly of timber joints using reinforcement learning,"PDF page locations: 4. These are recorded retrieval locations, not independently verified indicator-specific evidence.",Indicator-specific source verification incomplete,Same-configuration assessment; one-event linkage not inferred unless source sequence establishes it,Evaluation passage located; indicator-specific verification incomplete
R060,kalousdian2022learning,https://doi.org/10.1109/LRA.2022.3159288,L3 — Construction-representative testbed,Learning robotic manipulation of natural materials with variable properties for construction tasks,"PDF page locations: 7. These are recorded retrieval locations, not independently verified indicator-specific evidence.",Indicator-specific source verification incomplete,Same-configuration assessment; one-event linkage not inferred unless source sequence establishes it,Evaluation passage located; indicator-specific verification incomplete
R063,lee2023reinforcement,https://doi.org/10.1109/RO-MAN57019.2023.10309417,L3 — Construction-representative testbed,Reinforcement learning-based virtual fixtures for teleoperation of hydraulic construction machine,"PDF page locations: 7. These are recorded retrieval locations, not independently verified indicator-specific evidence.",Indicator-specific source verification incomplete,Same-configuration assessment; one-event linkage not inferred unless source sequence establishes it,Evaluation passage located; indicator-specific verification incomplete
R065,yasutomi2023visual,https://arxiv.org/html/2312.16438v2,L3 — Construction-representative testbed,Visual spatial attention and proprioceptive data-driven reinforcement learning for robust peg-in-hole task under variable conditions,,"II-A and Fig. 2: contact, separation, renewed search and another insertion attempt; II-B3: episode termination; III-A and III-C: physical setup/evaluation.",Same-configuration assessment; one-event linkage not inferred unless source sequence establishes it,Primary HTML strategy and evaluation sections inspected
R066,duan2025training,https://doi.org/10.1111/mice.13394,L3 — Construction-representative testbed,Training of construction robots using imitation learning and environmental rewards,"PDF page locations: 9. These are recorded retrieval locations, not independently verified indicator-specific evidence.",Indicator-specific source verification incomplete,Same-configuration assessment; one-event linkage not inferred unless source sequence establishes it,Evaluation passage located; indicator-specific verification incomplete
R067,duan2025visual,https://doi.org/10.1016/j.autcon.2024.105905,L3 — Construction-representative testbed,Visual--tactile learning of robotic cable-in-duct installation skills,"PDF page locations: 12. These are recorded retrieval locations, not independently verified indicator-specific evidence.",Indicator-specific source verification incomplete,Same-configuration assessment; one-event linkage not inferred unless source sequence establishes it,Evaluation passage located; indicator-specific verification incomplete
R072,Wang2026104580,https://doi.org/10.1016/j.aei.2026.104580,L3 — Construction-representative testbed,Mixed reality and machine learning-guided cable robot framework (MMCR) for real-time prefabricated construction automation,,Indicator-specific source verification incomplete,Same-configuration assessment; one-event linkage not inferred unless source sequence establishes it,Primary text unavailable in this check; exact indicator anchor remains open
R090,xiao2025autonomous,https://doi.org/10.1111/mice.13427,L4 — Near-operational field trial,Autonomous construction framework for crane control with enhanced soft actor--critic algorithm and real-time progress monitoring,"PDF page locations: 12. These are recorded retrieval locations, not independently verified indicator-specific evidence.",Indicator-specific source verification incomplete,Same-configuration assessment; one-event linkage not inferred unless source sequence establishes it,Evaluation passage located; indicator-specific verification incomplete
R091,xiao2026remote_5g_backstepping,https://doi.org/10.1016/j.cacaie.2026.100013,L4 — Near-operational field trial,A reinforcement learning and nonlinear adaptive backstepping hierarchical control for autonomous remote construction using 5G network,"PDF page locations: 8, 10. These are recorded retrieval locations, not independently verified indicator-specific evidence.",Indicator-specific source verification incomplete,Same-configuration assessment; one-event linkage not inferred unless source sequence establishes it,Evaluation passage located; indicator-specific verification incomplete
R108,xiao2026llm_rl_progress,https://doi.org/10.1109/ACDSA67686.2026.11468021,L4 — Near-operational field trial,Large Language Model and Reinforcement Learning Based Autonomous Construction and Progress Updates,"PDF page locations: 4, 5. These are recorded retrieval locations, not independently verified indicator-specific evidence.","IV.B, PDF p. 5, Fig. 5: personnel-clearance pause/resume sequence.",Same-configuration assessment; one-event linkage not inferred unless source sequence establishes it,Evaluation passage located; indicator-specific verification incomplete
R109,xiao2026retaining_wall_crane,https://doi.org/10.1061/JCCEE5.CPENG-7293,L4 — Near-operational field trial,Development and Implementation of Machine Learning–Based Hierarchical Approach for Autonomous Retaining Wall Construction Using a Robotized Crane,,Indicator-specific source verification incomplete,Same-configuration assessment; one-event linkage not inferred unless source sequence establishes it,Primary text unavailable in this check; exact indicator anchor remains open
R111,wang_reinforcement_2025,https://doi.org/10.1016/j.autcon.2025.106290,L3 — Construction-representative testbed,Reinforcement learning-based continuous path planning and automated concrete {3D} printing of complex hollow components,"PDF page locations: 10, 13. These are recorded retrieval locations, not independently verified indicator-specific evidence.",Indicator-specific source verification incomplete,Same-configuration assessment; one-event linkage not inferred unless source sequence establishes it,Evaluation passage located; indicator-specific verification incomplete
R124,wu2025robot,https://doi.org/10.1007/s41693-024-00144-8,L5 — Workflow-integrated repeated operation,Robot in the loop: a human-centered approach to contextualizing {AI} and robotics in construction,"PDF page locations: 13, 14. These are recorded retrieval locations, not independently verified indicator-specific evidence.",Indicator-specific source verification incomplete,Same-configuration assessment; one-event linkage not inferred unless source sequence establishes it,Evaluation passage located; indicator-specific verification incomplete
R126,gao2026deep,https://doi.org/10.1016/j.autcon.2025.106617,L4 — Near-operational field trial,Deep reinforcement learning coupled with topological scene graph for dynamic path planning of autonomous bulldozer in complex earthwork construction,"PDF page locations: 13, 16, 19. These are recorded retrieval locations, not independently verified indicator-specific evidence.","Algorithm 1 and PDF p. 7: mechanism; Section 4.2, physical-transition example (5), Fig. 21: evaluated paths. No activation inferred.",Same-configuration assessment; one-event linkage not inferred unless source sequence establishes it,Evaluation passage located; indicator-specific verification incomplete
R160,nan2024adaptive,https://doi.org/10.1109/LRA.2024.3372831,L3 — Construction-representative testbed,Learning Adaptive Controller for Hydraulic Machinery Automation,,Existing extraction points to printed pp. 3975-3978; primary PDF not retrieved in this check.,Same-configuration assessment; one-event linkage not inferred unless source sequence establishes it,Primary text unavailable in this check; exact indicator anchor remains open
