configuration_id,representative_report_id,citation_key,title,report_lineage_id,reports_in_lineage,task_and_failure_regime,learned_role_in_execution,execution_time_protection,validation_exposure_code,validation_exposure,command_path_summary,final_evaluation_summary,supported_operating_scope
CU_L001_GRADING_DQN_2018,R001,nakatani2018grading_dqn,Autonomous grading work using deep reinforcement learning based control,L001_GRADING_DQN_2018,2,Earthwork and Material Processing,Task/planner-level,No reported active execution-time protection,L0,L0 — Simulation only,Task- or planner-level learned decisions,"Evaluation removes epsilon-greedy randomness and permits up to 1,000 actions. Three cited checkpoints leave zero holes; the best selected checkpoint takes 335 actions. A human simulator route takes 452 actions and is described as the best among many trials, whose denominator and protocol are not stated.","Supports route selection in one discrete fixed-layout grading simulator with the stated actions and reward. Machine dynamics, blade-soil control, changed sand states, repeated reliability, physical execution, safeguards, recovery, and construction workflow remain outside scope."
CU_R002,R002,matsumoto2020simulation,Simulation-based reinforcement learning approach towards construction machine automation,SINGLETON_R002,1,Earthwork and Material Processing,Bounded skill or supervisory,No reported active execution-time protection,L0,L0 — Simulation only,"Mediated skill/reference, supervisory, or shared-control configuration","The best saved policy from each condition is tested in 100 simulated trials. Success is threshold-defined for sway reduction or simulated bucket fill; the source reports method-level success percentages but no hardware execution, multi-seed uncertainty, or construction workflow test.","Supports the reported Vortex crane-sway and single-bucket-loading abstractions and their method-level success percentages. It does not support sim-to-real robustness, physical machine control, site disturbance tolerance, autonomous failure recovery, or continued construction operation."
CU_R003,R003,Osaka2021,Route optimization for autonomous bulldozer by distributed deep reinforcement learning,SINGLETON_R003,1,Earthwork and Material Processing,Task/planner-level,No reported active execution-time protection,L0,L0 — Simulation only,Task- or planner-level learned decisions,"The highest average-filling-rate checkpoints are tested on 36 initial sediment positions arranged at 0.5 m increments, including positions not used for learning. Table II compares mean train/test filling rates for PPO and PPO+LSTM.","Supports route selection for the stated continuous-height sediment simulator and held-out initial-position range. It does not support full bulldozer motion control, real soil grading, runtime safety, physical generalization, or recovery after execution failure."
CU_R004,R004,egli2022_soil,Soil-Adaptive Excavation Using Reinforcement Learning,L004_HEAP_EXCAVATOR_EGLI_PLATFORM,4,Earthwork and Material Processing,Bounded skill or supervisory,No reported active execution-time protection,L3,L3 — Construction-representative testbed,"Mediated skill/reference, supervisory, or shared-control configuration","Simulation evaluates soft, medium, and hard soil parameters. Physical experiments repeat each reported scenario multiple times in soft-to-medium soil, with close-to-machine initialization, and with a buried granite block that creates an abrupt hard-to-soft transition; exact per-scenario repeat counts are not stated in the extracted text.","Supports adaptive single-scoop excavation on the reported 12-ton platform, standard-valve control stack, horizontal-ground assumption, tested initialization range, and soil transitions. It does not support unattended operation, arbitrary buried-object handling, slope/cabin-turn generalization, autonomous retry, or sustained excavation workflow resumption."
CU_R005,R005,egli2022general,A general approach for the automation of hydraulic excavator arms using reinforcement learning,L004_HEAP_EXCAVATOR_EGLI_PLATFORM,4,Earthwork and Material Processing,Bounded skill or supervisory,No reported active execution-time protection,L3,L3 — Construction-representative testbed,"Mediated skill/reference, supervisory, or shared-control configuration","Physical tests include circular trajectories of 1.5 m diameter at three average speeds, five horizontal trajectories at two speeds, three- and four-joint controller variants, comparison with the Leica semi-automatic controller in air, and a prescribed four-waypoint grading trajectory with soil contact.","Supports task-space arm tracking and one controlled grading trajectory on the reported machine, actuator-data range, planar cabin-relative motion, and control stack. It does not support autonomous grading-path generation, independent safety enforcement, arbitrary soil disturbance adaptation, recovery after contact, or sustained construction workflow operation."
CU_R006,R006,lu2022excavation,Excavation reinforcement learning using geometric representation,L016_LU_ZHU_FRANKA_EXCAVATION_PLATFORM,3,Earthwork and Material Processing,Bounded skill or supervisory,No reported active execution-time protection,L3,L3 — Construction-representative testbed,"Mediated skill/reference, supervisory, or shared-control configuration","Simulation evaluation uses 100 episodes and 1,000 planned excavations per learned method. Physical evaluation uses five episodes of five sequential excavations for each learned method, reporting planning validity, execution success, and excavated volume.","Supports sequential attacking-pose planning and bounded physical execution on the reported Franka/tray apparatus, object set, reduced path lengths, and five-action episodes. It does not support hydraulic excavator deployment, reactive contact control, autonomous recovery from sticking, or sustained material-loading production."
CU_R007,R007,osa2022deep,Deep reinforcement learning with adversarial training for automated excavation using depth images,L007_OSA_KOMATSU_EXCAVATION_SIMULATOR,2,Earthwork and Material Processing,Bounded skill or supervisory,No reported active execution-time protection,L0,L0 — Simulation only,"Mediated skill/reference, supervisory, or shared-control configuration","During training, policies are tested every 5,000 steps using ten episodes without exploration and averaged across five seeds. Task progress above 90% defines simulated success. The extracted text reports comparative curves and Table 1, whose exact numeric entries require direct visual verification.","Supports depth-image trajectory planning and critic-regularization comparisons in the stated fixed-soil simulator. It does not support robustness to soil-parameter changes, physical excavator control, safety under adversarial conditions, or autonomous failure recovery."
CU_R008,R008,ross2021agpnet,AGPNet -- Autonomous Grading Policy Network,SINGLETON_R008,1,Earthwork and Material Processing,Bounded skill or supervisory,No reported active execution-time protection,L0,L0 — Simulation only,"Mediated skill/reference, supervisory, or shared-control configuration","Eight algorithm variants are evaluated on 50 independently generated runs for each of three simulated scenario types. The combined RL+BC+CL method is compared with the SnP heuristic across height, volume, step, and total-reward metrics.","Supports high-level waypoint learning in the reported numerical simulator and physical comparison of sand-height-map evolution on a 1:9 prototype. It does not support learned-policy execution on hardware, full-scale grading, runtime safety, or post-failure recovery."
CU_R009,R009,zhang_towards_2022,Towards Autonomous and Optimal Excavation of Shield Machine: A Deep Reinforcement Learning-Based Approach,SINGLETON_R009,1,Earthwork and Material Processing,Bounded skill or supervisory,No reported active execution-time protection,L0,L0 — Simulation only,"Mediated skill/reference, supervisory, or shared-control configuration","Agents are evaluated on historical indices 300,000--450,000 not used during training. Actions are constrained to the range used by human operators on the same segment. Model-generated advance speed, energy, reward, and action sequences are compared with recorded human operation.","Supports hierarchical policy/controller analysis and held-out historical-sequence evaluation for the reported machine model and project data. It does not support autonomous physical TBM excavation, verified field savings, cross-project generalization, safe operator handover, or recovery from tunnelling faults."
CU_R011,R011,ishmatuka2023autonomous,Autonomous pick-and-place using excavator based on deep reinforcement learning,SINGLETON_R011,1,Earthwork and Material Processing,Bounded skill or supervisory,No reported active execution-time protection,L0,L0 — Simulation only,"Mediated skill/reference, supervisory, or shared-control configuration","The paper validates one stated initial-to-target pose and then a prescribed six-target pick-and-place trajectory, reporting coordinate-wise pose RMSE. It does not state an independent test distribution, repeated-run denominator, seed count, or uncertainty interval.","Supports PPO task-space tracking in the stated PyBullet excavator model and waypoint sequence. It does not support physical material handling, real-excavator accuracy, autonomous safety, or workflow recovery."
CU_R012,R012,jin2023learning,Learning excavation of rigid objects with offline reinforcement learning,L016_LU_ZHU_FRANKA_EXCAVATION_PLATFORM,3,Earthwork and Material Processing,Bounded skill or supervisory,Command intervention,L3,L3 — Construction-representative testbed,"Mediated skill/reference, supervisory, or shared-control configuration","Physical policies are executed for ten trials in each reported material/scenario. Evaluation records trajectory reward, penetration duration, average/maximal contact force, and jamming-free rate under varied allowable-force criteria across five training terrains and unseen fragmented rocks.","Supports laboratory penetration-policy learning and bounded fine-tuning for the reported Franka, primitive set, six materials, and force-limited controller. It does not support complete excavation planning, automatic post-halt recovery, hydraulic-excavator transfer, or sustained production."
CU_R013,R013,osa2023learning,Learning adaptive policies for autonomous excavation under various soil conditions by adversarial domain sampling,L007_OSA_KOMATSU_EXCAVATION_SIMULATOR,2,Earthwork and Material Processing,Bounded skill or supervisory,No reported active execution-time protection,L0,L0 — Simulation only,"Mediated skill/reference, supervisory, or shared-control configuration","Four typical soil domains and uniformly sampled domains are evaluated. Reported curves average five random seeds with 30 test episodes and show a 90 percent confidence region; Table II reports performance after 400,000 steps.","Supports hard-domain sampling and latent soil-parameter adaptation in the stated simulator, parameter ranges, and arc-action abstraction. It does not support adversarial-site safety, noisy physical sensing, excavator deployment, or autonomous recovery."
CU_R016,R016,egli2024reinforcement,Reinforcement learning-based bucket filling for autonomous excavation,L004_HEAP_EXCAVATOR_EGLI_PLATFORM,4,Earthwork and Material Processing,Bounded skill or supervisory,Boundary monitoring,L5,L5 — Workflow-integrated repeated operation,Learned joint-velocity references converted to piston-velocity references and tracked by PID plus feedforward valve-flow control.,"Simulation ablations compare torque and explicit-soil observations across five seeds and about 12,500 initialized episodes for penetration analysis. Hardware evaluation includes five consecutive scoops per soil/constraint scenario and three autonomous trench trials with different accuracy thresholds.","Supports full-scale bucket filling and nominal trench completion on the reported machine, loose previously excavated trench soil, sensing/control stack, and tested soil/constraint scenarios. It does not support unattended operation, immovable-rock handling, heterogeneous subsurface recovery, hard enforcement of every bound, or resumption after a physical failure."
CU_R017,R017,eriksson2024automatic,Automatic loading of unknown material with a wheel loader using reinforcement learning,L005_ERIKSSON_WHEEL_LOADER_BUCKET_FILLING,2,Earthwork and Material Processing,Bounded skill or supervisory,Command intervention,L3,L3 — Construction-representative testbed,"Lift, tilt and throttle commands from a learned loading controller; safety-driver manual abort remains available (III.D).","Controllers are evaluated after each ten-episode block using ten bucket fillings per controller, reporting mean and standard deviation of material weight and loading time against a human-operator baseline.","Supports delay-aware physical fine-tuning and noise-free evaluation of a lift--tilt--throttle bucket-filling controller on the reported full-size machine and target gravel pile, with safety-driver abort authority. Does not establish an activated abort, event-linked recovery, navigation/dumping cycles, or multi-site generalization."
CU_R018,R018,eriksson2024optimizing,Optimizing bucket-filling strategies for wheel loaders inside a dream environment,L005_ERIKSSON_WHEEL_LOADER_BUCKET_FILLING,2,Earthwork and Material Processing,Bounded skill or supervisory,No reported active execution-time protection,L3,L3 — Construction-representative testbed,"Mediated skill/reference, supervisory, or shared-control configuration","The world-model policy, imitation baseline, and target-pile-fine-tuned baseline each run ten physical trials on the same pile and day; a human expert provides a comparison. Outcomes are loaded mass, loading time, and successful bucket filling defined as not getting stuck.","Supports direct full-size bucket-filling execution for the reported L576, gravel-like pile, phase logic, historical-data envelope, and ten-trial protocol. It does not support arbitrary material transfer, online world-model adaptation, autonomous failed-scoop recovery, or sustained loading workflow."
CU_R019,R019,Lee2024181,Task Space Control of Hydraulic Construction Machines Using Reinforcement Learning,L010_LEE_BROKK_170_DATA_MODEL,2,Earthwork and Material Processing,Bounded skill or supervisory,No reported active execution-time protection,L2,L2 — Varied laboratory hardware,"Mediated skill/reference, supervisory, or shared-control configuration","One 30 s predefined multi-joint signal sequence compares simulated and measured motion. Physical task-space evaluation applies separate prescribed x-, y-, and z-velocity sequences to the RL and Jacobian-based controllers; repeat counts and uncertainty are not reported.","Supports free-space task-space velocity control on the reported fixed-base Brokk 170, PWM cap, actuator-data range, and prescribed sequences. It does not support tool-loaded construction work, mobile operation, independent collision/singularity safety, human-performance benefit, or recovery."
CU_R020,R020,Lin2024,Physics-informed deep reinforcement learning for enhancement on tunnel boring machine's advance speed and stability,SINGLETON_R020,1,Earthwork and Material Processing,Bounded skill or supervisory,No reported active execution-time protection,L0,L0 — Simulation only,"Mediated skill/reference, supervisory, or shared-control configuration","The learned policy is compared with recorded manual operation over the last 146 ring conditions and with physics ablations, pDDPG, and TD3 variants. Outcomes are model-predicted advance speed, chamber-pressure balance, and action distributions.","Supports physics-constrained model-based optimization for the reported C885 data, selected variables, and virtual ring sequence. It does not support autonomous EPB-TBM execution, field safety improvement, cross-geology transfer, independent safeguarding, or recovery."
CU_R021,R021,LinPosition2024,Automated position control of tunnel boring machine during excavation using deep reinforcement learning,L011_T308_TBM_PROJECT,2,Earthwork and Material Processing,Bounded skill or supervisory,No reported active execution-time protection,L0,L0 — Simulation only,"Mediated skill/reference, supervisory, or shared-control configuration",TD3 and DDPG outputs are compared with manual records over 500 held-out sample conditions. Outcomes include learned-environment horizontal and vertical tail deviations and distributions of four cylinder-group thrust forces.,"Supports time-series learned-environment optimization for the reported 200-ring project section, feature set, and held-out sequence. It does not support autonomous TBM steering, physical safety benefit, cross-project generalization, independent protection, or recovery."
CU_R023,R023,shen2024generalized,Generalized Framework for Wheel Loader Automatic Shoveling Task with Expert Initialized Reinforcement Learning,L008_SHEN_MUSTANG_2040_LOADING,1,Earthwork and Material Processing,Bounded skill or supervisory,No reported active execution-time protection,L3,L3 — Construction-representative testbed,"Mediated skill/reference, supervisory, or shared-control configuration",One hundred randomized simulated episodes compare CoL and TD3 fill rate. Physical evaluation reports five attempts on wet soil and five on medium-coarse gravel; two gravel attempts fail for unspecified safety issues. Joint trajectories are compared between simulation and experiment.,"Supports expert-initialized, inverse-dynamics-mediated shoveling on the reported loader and two material conditions under a ten-attempt protocol. It does not support failure-safe autonomy, stable pile-independent performance, automatic recovery, navigation/dumping cycles, or general wheel-loader robustness."
CU_R024,R024,yoo20243d,3d operation of autonomous excavator based on reinforcement learning through independent reward for individual joints,SINGLETON_R024,1,Earthwork and Material Processing,Bounded skill or supervisory,No reported active execution-time protection,L2,L2 — Varied laboratory hardware,"Mediated skill/reference, supervisory, or shared-control configuration",Physical point-chasing covers four linear and three sloped trajectories at different mean heights and is compared once with corresponding skilled-operator paths. Outcomes are mean and maximum bucket-tip errors for each prescribed trajectory; repeat counts and uncertainty are not reported.,"Supports four-joint free-space bucket-tip tracking on the reported secured DX225LC-7 and prescribed trajectory set. It does not support autonomous excavation, grading quality, payload handling, independent physical safety, failure recovery, or sustained operation."
CU_R025,R025,chen2025safe,Safe reinforcement learning for tracking control of uncertain hydraulic excavators,SINGLETON_R025,1,Earthwork and Material Processing,Residual learning within classical control,Command intervention,L3,L3 — Construction-representative testbed,Residual learning within classical control,"One reported physical 5-s reference trajectory moves boom and arm while bucket and slew remain stationary. Bucket-tip and cylinder tracking traces are shown; repetitions, uncertainty, material displacement, and comparison under a physical disturbance are not reported.","Supports continuous BLF-mediated hydraulic tracking for the stated model assumptions, initial-bound condition, platform parameters, and short reference test. It does not support certified task safety, collision avoidance, material-process robustness, emergency response, or recovery."
CU_R026,R026,gruetter2025towards,Towards Learning Boulder Excavation with Hydraulic Excavators,SINGLETON_R026,1,Earthwork and Material Processing,Bounded skill or supervisory,Command intervention,L3,L3 — Construction-representative testbed,"Mediated skill/reference, supervisory, or shared-control configuration",Simulation tests span 50 scanned geometries and soft/hard soil parameters; a held-out test uses 25 unseen 0.8--1.0 m rock geometries in hard soil; the learned controller is compared with a continuous-excavation RL baseline.,"The policy receives proprioceptive variables and a sparse cloud of 20 three-dimensional points. Supports single-target boulder acquisition with a standard bucket on the reported fixed-base 12-ton excavator, tested rock sizes, soil classes, manually initialized segmentation, and 40-trial protocol; does not support recovery from complete occlusion, autonomous multi-rock clearing, or sustained workflow resumption."
CU_R027,R027,helian2025reinforcement,Reinforcement Learning-Based Autonomous Control Methodology of Hydraulic Excavators,SINGLETON_R027,1,Earthwork and Material Processing,Bounded skill or supervisory,No reported active execution-time protection,L0,L0 — Simulation only,"Mediated skill/reference, supervisory, or shared-control configuration","Case A compares eight-hour fixed-50-Hz and ACF training, yielding about 40k versus 110k steps. Cases B and C assess pump-flow reward and untrained workload/valve response. A depicted 26-s simulated sequence completes approach, digging, lifting, and dumping.","Supports simulation-only study of valve-level PPO, adaptive control frequency, shaped constraint penalties, and zero-shot modeled load variation. It does not support physical excavation, hard safety enforcement, failure recovery, or construction productivity."
CU_R028,R028,kadokawa2025progressive,Progressive-resolution policy distillation: Leveraging coarse-resolution simulations for time-efficient fine-resolution policy learning,SINGLETON_R028,1,Earthwork and Material Processing,Bounded skill or supervisory,Command intervention,L3,L3 — Construction-representative testbed,"Mediated skill/reference, supervisory, or shared-control configuration","Nine rock types (five wooden shapes and three differently sized printed artificial rocks as described in the source table, with the ninth object requiring direct table verification) are crossed with three ground materials. Each cell reports 20 trials from five policies at four positions; success requires the rock held in the bucket with the bucket off the ground.","Supports progressive-resolution training and direct laboratory rock pickup for the reported UR5e, objects, granular beds, sensing, and 20-trial cells. It does not support full-scale excavation, excavator productivity, autonomous recovery, or general site robustness."
CU_R029,R029,Kim2025896,Enhanced Hydraulic Excavator Control via Semi-automatic Grading Control Using Reinforcement Learning,SINGLETON_R029,1,Earthwork and Material Processing,Bounded skill or supervisory,No reported active execution-time protection,L0,L0 — Simulation only,"Mediated skill/reference, supervisory, or shared-control configuration",Fine-grading simulation covers a 5 m target and 10 s cycle. Ten random 10 s test trajectories evaluate the forward model. RL versus manual-pattern RMSE is 0.023 versus 0.041 m and 0.392 versus 1.357 degrees.,Supports semi-automatic 10 s grading in the stated simulator and controller partition only.
CU_R030,R030,mori2025human,Human-in-the-Loop Reinforcement Learning to Track Excavation Paths for a Hydraulic Excavator in a Short Period of Time,SINGLETON_R030,1,Earthwork and Material Processing,Bounded skill or supervisory,No reported active execution-time protection,L3,L3 — Construction-representative testbed,"Mediated skill/reference, supervisory, or shared-control configuration","Post-training safety evaluation extends the gravelly-active-A controller for 128 consecutive excavation episodes (28,618 steps, 38 minutes); fill-ratio evaluation uses three target BFRs and ten trials per target for available cases.","Supports short-duration human-assisted online adaptation and autonomous post-training path tracking for the reported excavator, homogeneous soils, fixed soil-pit sensing, hard-coded five-phase paths, and conservative pitch requirement; does not support unattended learning, heterogeneous soil transfer, autonomous post-failure recovery, or general excavation planning."
CU_R032,R032,shin2025adaptive,Adaptive Excavation Automation in Complex Soil Environments Using Reinforcement Learning,SINGLETON_R032,1,Earthwork and Material Processing,Bounded skill or supervisory,No reported active execution-time protection,L0,L0 — Simulation only,"Mediated skill/reference, supervisory, or shared-control configuration","Random soft, medium, and hard parameter ranges assess force-limit success. A 20-by-50 three-zone global task uses ten repeated trials per model; proposed MAE is 0.065 m and resistance improves 18.1% over baselines.","Supports static-per-cycle analytical soil parameter ranges and the reported grid, not rapidly changing or unknown site soil."
CU_R033,R033,tan2025reinforcement,Reinforcement learning-based trajectory planning for continuous digging of excavator working devices in trenching tasks,SINGLETON_R033,1,Earthwork and Material Processing,Bounded skill or supervisory,No reported active execution-time protection,L0,L0 — Simulation only,"Mediated skill/reference, supervisory, or shared-control configuration","Four simulation conditions report sub-0.5 s planning, excavation rate above 92%, and composite metrics below 0.14. MBD--DEM shows three successive Condition-1 excavations with slippage-related contour deviation.",Supports the reported mathematical and MBD--DEM environments; no claim extends to prototype tracking or nonuniform material.
CU_R034,R034,Zhang2025,Time-optimal online trajectory planning for excavator robotics based on reinforcement learning,SINGLETON_R034,1,Earthwork and Material Processing,Bounded skill or supervisory,No reported active execution-time protection,L0,L0 — Simulation only,"Mediated skill/reference, supervisory, or shared-control configuration","One trimming-plane target compares convergence, training time, reward, smoothness, and modeled completion time across DDPG, TRPO, TD3, and improved TD3.",Supports the stated PC1012 dimensions and MATLAB kinematic task only.
CU_R035,R035,cho2026collaborative,Collaborative learning architecture for autonomous excavator planning and execution,SINGLETON_R035,1,Earthwork and Material Processing,Bounded skill or supervisory,No reported active execution-time protection,L0,L0 — Simulation only,"Mediated skill/reference, supervisory, or shared-control configuration","1,000 training plus 1,000 unseen trajectories; 1,000 random terrains; 100 repeated trajectory trials; 50 integrated soft/hard mound trials.",Supports the reported randomized heightfields and soft/hard virtual mounds; completion thresholds partly reflect similarity to simulated experts.
CU_R037,R037,shen2026solving,Solving robotics tasks with prior demonstration via exploration-efficient deep reinforcement learning,SINGLETON_R037,1,Earthwork and Material Processing,Bounded skill or supervisory,Boundary monitoring,L3,L3 — Construction-representative testbed,"Mediated skill/reference, supervisory, or shared-control configuration",Simulation reports rewards averaged over five episodes. Physical evaluation comprises 25 post-redesign trials.,"Supports wet sand and stone under the stated loader, controller, and operator partition; not learned navigation or autonomous travel speed."
CU_R038,R038,spinelli2026large,"Large-Scale Robotic Material Handling: Learning, Planning, and Control",L006_SPINELLI_MATERIAL_HANDLER_PLATFORM,2,Earthwork and Material Processing,Bounded skill or supervisory,Command intervention,L5,L5 — Workflow-integrated repeated operation,"Mediated skill/reference, supervisory, or shared-control configuration","The integrated pile-transfer evaluation reports more than 20 repeated cycles with grasp, transport and unloading sequenced by the state machine. Component tests and the truck-loading variant provide separate supporting evidence, not the basis of the L5 recovery assessment.","Supports workflow-integrated repeated pile transfer on the fixed-base handler within manually specified source and dump regions. Truck loading is a separate evaluated variant. Mobile-base operation, adaptive safety margins and recovery after module failure are not established."
CU_R039,R039,Sun2026,Digital twin--enabled real-time control of tunnel boring machines using deep reinforcement learning for cumulative settlement management,SINGLETON_R039,1,Earthwork and Material Processing,Bounded skill or supervisory,No reported active execution-time protection,L0,L0 — Simulation only,"Mediated skill/reference, supervisory, or shared-control configuration","Virtual alignment comparison reports reward/settlement of 3813/2.34 mm with MCTS, 2303/4.30 mm without MCTS, and 2152/5.16 mm for NSGA-II.","Supports the Nanjing model, two pressure actions, and modeled settlement/cost trade-offs; attitude, thrust, torque, advance rate, and policy execution are outside scope."
CU_R040,R040,wang2025intelligent,Intelligent attitude control in tunnel boring machine considering uncertain underground environment using deep reinforcement learning,L011_T308_TBM_PROJECT,2,Earthwork and Material Processing,Bounded skill or supervisory,No reported active execution-time protection,L0,L0 — Simulation only,"Mediated skill/reference, supervisory, or shared-control configuration",Two hundred nominal trials; 200 ultimate-capacity trials; project-profile replays; ten-segment manual comparison; six settlement bands with 200 trials each.,"Supports the elastic approximation, project-derived profiles, and stated settlement bands; not rebound, loading-path effects, actuator dynamics, or field execution."
CU_R044,R044,spinelli2024reinforcement,Reinforcement learning control for autonomous hydraulic material handling machines with underactuated tools,L006_SPINELLI_MATERIAL_HANDLER_PLATFORM,2,Earthwork and Material Processing,Bounded skill or supervisory,No reported active execution-time protection,L3,L3 — Construction-representative testbed,"Mediated skill/reference, supervisory, or shared-control configuration","Physical tests issue steady-state references at 15 s intervals. Slew-only policies are compared with tuned PI control; full end-effector sequences are compared with a 15-year operator and a 0.5--2-year operator. Empty and loaded cases also remove load estimation. Tables report metrics averaged over different runs, but do not disclose a uniform trial count. Evaluation measures slew speed, overshoot, target error, and tool angular velocity rather than grasp or material throughput.","Supports full-scale sim-to-real target tracking and oscillation damping for the reported hydraulic handler under controlled empty and loaded conditions. It does not support autonomous collision-free material handling, grasping reliability, fault recovery, or production workflow continuity."
CU_R050,R050,molaei2026data,Data-driven rock capture with a standard excavator via model-free reinforcement learning,SINGLETON_R050,1,Earthwork and Material Processing,Bounded skill or supervisory,No reported active execution-time protection,L0,L0 — Simulation only,"Mediated skill/reference, supervisory, or shared-control configuration","Three sets of 100 AGX Dynamics episodes evaluate the training condition, unseen rock geometries, and unseen sand material, reporting success rates of 0.79, 0.77, and 0.67. Each episode is limited to 500 steps, approximately 8.3 s.","Supports simulated contact-rich rock capture for the reported excavator model under bounded geometry and material variation with exact rock-centre-of-mass observations. It does not support autonomous free-space approach, vision-based state estimation, hydraulic transfer, physical operation, or failure recovery."
CU_R054,R054,liang2020teaching,Teaching robots to perform quasi-repetitive construction tasks through human demonstration,SINGLETON_R054,1,Structural Assembly and Installation,Bounded skill or supervisory,No reported active execution-time protection,L0,L0 — Simulation only,"Mediated skill/reference, supervisory, or shared-control configuration",Sixty virtual initial scenes use varied grid and tile staging positions. Success requires final non-overlap below 30 cubic centimetres; 47 of 60 trials succeed.,"Supports the stated Gazebo KUKA emulator, tile and grid geometry, fixed viewpoint, and visual demonstrations; physical contact, alignment inspection, force control, varied cameras, and unseen tile shapes remain outside scope."
CU_R055,R055,apolinarska2021robotic,Robotic assembly of timber joints using reinforcement learning,SINGLETON_R055,1,Structural Assembly and Installation,Bounded skill or supervisory,Command intervention,L3,L3 — Construction-representative testbed,"Mediated skill/reference, supervisory, or shared-control configuration","The trained policies are rolled out in simulation and on hardware across joint angle, notch gap, initial linear/angular offset, and single- versus double-lap geometry. Figure-level trial counts require direct visual verification.","Supports low-speed final insertion of the reported spruce half-lap specimens on one ABB workcell, within tested angle, gap, and offset ranges. It does not support complete frame assembly, structural acceptance, sub-millimetre tight fits across geometries, post-jam recovery, or continued production after abort."
CU_R056,R056,belousov2022robotic,Robotic architectural assembly with tactile skills: Simulation and optimization,SINGLETON_R056,1,Structural Assembly and Installation,Bounded skill or supervisory,No reported active execution-time protection,L0,L0 — Simulation only,TD3 supplies six target arm-joint velocities and a gripper-closure command for a bounded stacking skill in simulation.,"TD3 is evaluated on 1,000 unseen simulated structures every 100,000 training steps; the reported block-position error is approximately 8 mm. The separate self-supervised tactile-transition-model/MPC hardware experiment achieves 19 of 30 joins and is not physical validation of this TD3 configuration.",Supports simulated stacking with randomized block goals and grasps. Episode distance and time termination do not disclose an independent execution-time safeguard. Physical tactile MPC results are retained only as a distinct qualitative architecture.
CU_R057,R057,cai2022reinforcement,A reinforcement learning based approach for conducting multiple tasks using robots in virtual construction environments,L020_CAI_UNITY_CONSTRUCTION_ROBOT_PPO,2,Structural Assembly and Installation,Bounded skill or supervisory,No reported active execution-time protection,L0,L0 — Simulation only,"Mediated skill/reference, supervisory, or shared-control configuration","Each task receives 50,000 inference action steps. Success is reported as episode-level pick and place percentages, but exact episode counts and independent seeds are not stated.","Supports Unity pick-and-place of modeled 15 kg panels within the virtual arm workspace; physical transfer, contact, fastening, sensing uncertainty, and accepted installation quality remain outside scope."
CU_R059,R059,huang2022deep,Deep reinforcement learning-based construction robots collaboration for sequential tasks,L013_HUANG_LI_WINDOW_COLLABORATION_SIMULATION,2,Structural Assembly and Installation,Bounded skill or supervisory,No reported active execution-time protection,L0,L0 — Simulation only,"Mediated skill/reference, supervisory, or shared-control configuration","Ten batches of 100 randomized UGV starts evaluate arrival, pickup, and geometric installation. Aggregate counts are 975, 948, and 796 successes.","Supports the simplified PyBullet UGV--KUKA sequence and geometric placement criterion; physical collaboration, sensing, fastening, simultaneous coordination, and failure recovery remain outside scope."
CU_R060,R060,kalousdian2022learning,Learning robotic manipulation of natural materials with variable properties for construction tasks,SINGLETON_R060,1,Structural Assembly and Installation,Bounded skill or supervisory,No reported active execution-time protection,L3,L3 — Construction-representative testbed,"Mediated skill/reference, supervisory, or shared-control configuration",Seen/unseen simulated configurations report above 80% success and the stated generalization drops; physical trials are unquantified demonstrations.,"Supports the two tasks on the reported hanging robot and bamboo demonstrator, not autonomous bamboo construction or fault recovery."
CU_R061,R061,huang2023dexterous,Dexterous manipulation of construction tools using anthropomorphic robotic hand,SINGLETON_R061,1,Structural Assembly and Installation,Bounded skill or supervisory,No reported active execution-time protection,L0,L0 — Simulation only,"Mediated skill/reference, supervisory, or shared-control configuration","The pretrained mug policy is first tested in 2,000 attempts per tool. Fine-tuned policies are evaluated over seven tool scales, including six unseen scales; the downstream toolbox task is evaluated in 50 trials.","Supports the stated MuJoCo Adroit hand, six modeled tools, scale sweep, and virtual toolbox geometry; physical tools, tool operation, sensing uncertainty, safety, and construction-task completion remain outside scope."
CU_R062,R062,huang2023imitate,To imitate or not to imitate: Boosting reinforcement learning-based construction robotic control for long-horizon tasks using virtual demonstrations,SINGLETON_R062,1,Structural Assembly and Installation,Bounded skill or supervisory,No reported active execution-time protection,L0,L0 — Simulation only,"Mediated skill/reference, supervisory, or shared-control configuration","Ten agents are evaluated on the randomized-start task. Reported counts sum to 9,981 pickups and 9,392 geometric installations across 10,000 agent-trials; a no-demonstration comparator achieves no success under the shorter episode limit.","Supports the simplified PyBullet KUKA task, exact simulator state, automatic attachment, and fixed wall target; physical sensing, collision, contact, fastening, standards, and recovery remain outside scope."
CU_R063,R063,lee2023reinforcement,Reinforcement learning-based virtual fixtures for teleoperation of hydraulic construction machine,L010_LEE_BROKK_170_DATA_MODEL,2,Structural Assembly and Installation,Bounded shared control,Boundary monitoring,L3,L3 — Construction-representative testbed,"Mediated skill/reference, supervisory, or shared-control configuration","Five novices perform one guided and one unguided hammer-insertion condition, apparently in a fixed guided-first order, with participant-specific start and target positions. End-effector paths and NASA-TLX means are shown.","Supports supervised Brokk teleoperation for the stated 8 cm into 10 cm borehole task, fixed perception arrangement, and five-person sample only."
CU_R064,R064,li2023enhancing,Enhancing construction robot learning for collaborative and long-horizon tasks using generative adversarial imitation learning,L013_HUANG_LI_WINDOW_COLLABORATION_SIMULATION,2,Structural Assembly and Installation,Bounded skill or supervisory,No reported active execution-time protection,L0,L0 — Simulation only,"Mediated skill/reference, supervisory, or shared-control configuration","Each trained model is evaluated for 1,000 trials on its individual subtask. Randomized installation is also rescored after relaxing position and orientation thresholds from 0.05 to 0.1.","Supports the stated virtual UGV and two-arm environments, coordinate randomization, and geometric thresholds; collision, physical sensing, end-to-end coordination, fastening, standards, and recovery remain outside scope."
CU_R065,R065,yasutomi2023visual,Visual spatial attention and proprioceptive data-driven reinforcement learning for robust peg-in-hole task under variable conditions,SINGLETON_R065,1,Structural Assembly and Installation,Bounded skill or supervisory,No reported active execution-time protection,L3,L3 — Construction-representative testbed,"Mediated skill/reference, supervisory, or shared-control configuration","Offline evaluation totals 5,760 tests per model. Physical online results report 93.9 plus or minus 0.7% and 8.21 plus or minus 0.22 s, with denominator unstated.","Supports the specified anchor-bolt rig, not active-site deployment or multi-bolt workflow continuity."
CU_R066,R066,duan2025training,Training of construction robots using imitation learning and environmental rewards,SINGLETON_R066,1,Structural Assembly and Installation,Bounded skill or supervisory,No reported active execution-time protection,L3,L3 — Construction-representative testbed,"Mediated skill/reference, supervisory, or shared-control configuration",Each policy is executed 100 times in the performance table. Group 4 reports 97% installation and Group 8 reports 82%; physical replication is unstated.,"Supports laboratory trajectory learning with terminal IK, not full window installation or recovery."
CU_R067,R067,duan2025visual,Visual--tactile learning of robotic cable-in-duct installation skills,SINGLETON_R067,1,Structural Assembly and Installation,Bounded skill or supervisory,No reported active execution-time protection,L3,L3 — Construction-representative testbed,"Mediated skill/reference, supervisory, or shared-control configuration","Four physical experiments per method, pipe diameter, and grasp mode. FSTR-Net rough/precise success is 100/100%, 100/100%, and 50/100% for 25, 20, and 16 mm pipes.","Supports the reported sensor, pipe sizes, grasp modes, and fixture, not confined live switchgear or site-scale routing."
CU_R068,R068,li2025cutaway_crane,Cutaway View Learning for Visually-Guided Assembly with Crane,SINGLETON_R068,1,Structural Assembly and Installation,Bounded skill or supervisory,No reported active execution-time protection,L0,L0 — Simulation only,"Mediated skill/reference, supervisory, or shared-control configuration","Four final-phase insertion geometries are tested. Table I reports one attempt per trial and 100 trials per success-rate cell for proposed variants, privileged ablations, nonprivileged baselines, and open-loop kinodynamic RRT. Policies requiring privileged simulator data are not run in Drake. No reset-and-retry logic is active.","Supports simulator-level final-phase placement of one rectangular beam into four idealized target geometries under stated randomization and a second physics engine. Physical crane execution, broader payloads, joint acceptance, force/damage outcomes, reset, retry, and construction workflow remain outside scope."
CU_R069,R069,Navazani2026622,Reinforcement learning-based motion planning for robotic bricklaying in construction environments,SINGLETON_R069,1,Structural Assembly and Installation,Bounded skill or supervisory,No reported active execution-time protection,L0,L0 — Simulation only,"Mediated skill/reference, supervisory, or shared-control configuration","The converged policy is tested in 100 consecutive simulated episodes from fixed initial and target brick positions; 82 placements succeed, and pose errors are summarized over successful trials.","Supports the stated UR5e model, one brick, fixed poses, simulator contacts, and shaped phase rewards; pose generalization, physical transfer, mortar, accepted tolerance, multi-brick work, and recovery remain outside scope."
CU_R070,R070,yu_teaching_2025,Teaching Robot End Effectors to Grasp Construction Tools Based on Deep Reinforcement Learning,SINGLETON_R070,1,Structural Assembly and Installation,Bounded skill or supervisory,No reported active execution-time protection,L0,L0 — Simulation only,"Mediated skill/reference, supervisory, or shared-control configuration","Virtual grasping is assessed over a stated 100 trials using a 0.2-m lift threshold; six figure-level rates are reported, but denominator allocation is ambiguous.","Supports the stated PyBullet KUKA environment and lift threshold; physical grasping, tool use, wear, contact uncertainty, and recovery remain outside scope."
CU_R071,R071,jin2026harnessing,Harnessing Human Expertise for High-Precision Robotic Assembly in Industrialized Construction: A Sample-Efficient Installer-in-the-Loop Interactive Reinforcement Learning Framework,SINGLETON_R071,1,Structural Assembly and Installation,Bounded skill or supervisory,Command intervention,L0,L0 — Simulation only,"Mediated skill/reference, supervisory, or shared-control configuration","At every checkpoint, the frozen policy is run for 100 autonomous rollouts with intervention and manual termination disabled. Final tables compare nine baselines or ablations in structured staging and randomized ground placement.","Supports simulated window seating with 2-mm per-side clearance, two bounded initial-pose regimes, and the specified contact randomization; physical transfer, multi-operator reproducibility, construction sensing, certified safety, substrate variability, weather, and field workflow remain outside scope."
CU_R072,R072,Wang2026104580,Mixed reality and machine learning-guided cable robot framework (MMCR) for real-time prefabricated construction automation,SINGLETON_R072,1,Structural Assembly and Installation,Bounded skill or supervisory,Command intervention,L3,L3 — Construction-representative testbed,"Mediated skill/reference, supervisory, or shared-control configuration","Four controlled groups of ten participants assemble the same 49-component task using 2D, MR-only, manual MR--robot, or MMCR workflows. User verification of grasp and placement remains in the ML condition.","Supports lightweight structured assembly, the stated prototypes, and supervised MR workflow; heavy payload, outdoor operation, long duration, and recovery remain outside scope."
CU_R080,R080,zhang2025abm_td3,Synchronous Control of Multiple Hydraulic Cylinders in Aerial Building Machine Using Improved Deep Reinforcement Learning,L012_ZHANG_ABM_SYNCHRONOUS_JACKING,2,Structural Assembly and Installation,Bounded skill or supervisory,No reported active execution-time protection,L0,L0 — Simulation only,Not used in comparative authority distribution,"Project-calibrated hydraulic simulation and finite-element analysis compare equivalent, PID/master-slave, and learned control under reported load cases and 12 m/s wind loading.","Supports direct learned valve control in the reported project-calibrated simulation and structural analysis; it does not support physical ABM control, tested fail-safe behavior, or on-site recovery despite the source's real-project wording."
CU_R083,R083,tarutani2020accuracy,Accuracy and Generality of Trained Models for Lift Planning Using Deep Reinforcement Learning-Optimization of the Crane Hook Movement between Two Points,SINGLETON_R083,1,Material Placement and Lifting,Bounded skill or supervisory,No reported active execution-time protection,L0,L0 — Simulation only,"Mediated skill/reference, supervisory, or shared-control configuration",Trajectory-length inspection covers six start--target distances; reachability is mapped categorically for default and larger virtual cranes. No repeated probabilistic success denominator is reported.,"Supports unloaded two-point hook motion in the specified Unity environments; optimality, obstacles, payload swing, physical tracking, recovery, placement, scheduling, and field operation remain outside scope."
CU_R084,R084,cho2022reinforcement,Reinforcement learning-based simulation and automation for tower crane {3D} lift planning,SINGLETON_R084,1,Material Placement and Lifting,Task/planner-level,No reported active execution-time protection,L0,L0 — Simulation only,Task- or planner-level learned decisions,Each of six policies is tested on 100 virtual scenarios in familiar Task 1 and unfamiliar Task 2. Model 3 is subsequently evaluated in BIM models of two actual sites under 62 observed pick--set conditions; simulated durations are compared with recorded operator times.,"Supports virtual tower-crane motion planning and cycle-time comparison for the reported crane model and BIM conditions. It does not support autonomous field lifting, execution-time safety, collision recovery, or human-aware workflow continuation."
CU_R087,R087,wang2024integrated,Integrated reinforcement and imitation learning for tower crane lift path planning,SINGLETON_R087,1,Material Placement and Lifting,Task/planner-level,No reported active execution-time protection,L0,L0 — Simulation only,Task- or planner-level learned decisions,"Each scenario uses 100 randomized learned-policy paths and corresponding 100-path baselines and expert comparisons. Reported outcomes include time and path errors, coordination, visibility, and collision-free success.","Supports single-crane, static-geometry, blind and nonblind simulated lifting with one expert's demonstrations; physical policy execution, hook dynamics, workers, and multi-crane interaction remain outside scope."
CU_R088,R088,cheng2025deep,Deep Reinforcement Learning for Tower Crane Layout Planning in Dense Multi-Building Sites,SINGLETON_R088,1,Material Placement and Lifting,Task/planner-level,No reported active execution-time protection,L0,L0 — Simulation only,Task- or planner-level learned decisions,"Cases contain five through ten buildings and report average coverage with error bars. Replication counts, seeds, placement cost, crane-count outcomes, and baseline comparisons are not stated.","Supports the stated layout grid, fixed building clusters, coverage objective, and action mask; operational feasibility, dynamic construction, lift safety, productivity, physical deployment, and generalization remain outside scope."
CU_R089,R089,xiao2025_modular,Autonomous modular construction strategy using robotized crane based on deep learning and reinforcement learning,SINGLETON_R089,1,Material Placement and Lifting,Bounded skill or supervisory,No reported active execution-time protection,L0,L0 — Simulation only,"Mediated skill/reference, supervisory, or shared-control configuration","Four increasingly complex PyBullet cases each use 100 randomized construction scenarios with three modules. Reported success is 1.00, 0.97, 0.99, and 0.99; mean action coordination is 0.76, 0.74, 0.75, and 0.77 m per step.","Supports the specified static PyBullet environments, COPMA 510_ENG kinematics, fixed sensors, and virtual modules; nonlinear crane dynamics, physical payloads, dynamic agents, and field safeguards remain outside scope."
CU_R090,R090,xiao2025autonomous,Autonomous construction framework for crane control with enhanced soft actor--critic algorithm and real-time progress monitoring,L002_XIAO_ROBOTIZED_CRANE_PLATFORM,5,Material Placement and Lifting,Bounded skill or supervisory,Command intervention,L4,L4 — Near-operational field trial,Task- or planner-level learned decisions,"One full-scale demonstration transports one pre-attached block to the third wall level while avoiding one predefined wooden obstacle. Sunny, cloudy, and rainy operation is stated without denominators.","Supports the stated crane, one block, one obstacle, and supervised exclusion-zone configuration; dynamic obstacles, repeated lifts, higher speed, and autonomous orientation correction remain outside scope."
CU_R091,R091,xiao2026remote_5g_backstepping,A reinforcement learning and nonlinear adaptive backstepping hierarchical control for autonomous remote construction using 5G network,L002_XIAO_ROBOTIZED_CRANE_PLATFORM,5,Material Placement and Lifting,Task/planner-level,Command intervention,L4,L4 — Near-operational field trial,Task- or planner-level learned decisions,"Joint tracking comparisons use sine references. The on-site retaining-wall experiment transported 60 concrete blocks, each weighing 2,400 kg; the report gives the block count but not an independent repetition or failure-count denominator.","Supports the named crane, commercial 5G link, fixed obstacle, predefined block targets, and nominal demonstration; quantified network robustness, wind, sway, singularities, repeated reliability, autonomous replanning, and general field operation remain outside scope."
CU_R095,R095,Yin202288,A Real-time Smooth Lifting Path Planning for Tower Crane Based on {TD3} with Discrete-Continuous Hybrid Action Space,L014_YIN_WANG_TOWER_CRANE_HYBRID_TD3,2,Material Placement and Lifting,Task/planner-level,No reported active execution-time protection,L0,L0 — Simulation only,Task- or planner-level learned decisions,"Two randomly chosen training layouts yield 92% success; layouts with different obstacle positions yield 86%. TD3 and the hybrid method both find example paths, and comparisons with GA and PRM report decision time below 0.01 s for DRL. Ten dynamic-obstacle trials vary planning start time while two obstacles move at 1.5 m/s; all ten produce feasible paths. The report does not give clearance distributions, collision counts, uncertainty, or independent seeds for these final tests.","Supports real-time hybrid-action path selection in the reported Webots layouts, including bounded moving-obstacle tests. It does not support safe physical tower-crane execution, suspended-load regulation, collision recovery, or construction workflow resumption."
CU_R096,R096,mohiuddin2023zero,Zero-shot Sim2Real transfer of Deep reinforcement learning controller for tower crane system,SINGLETON_R096,1,Material Placement and Lifting,Bounded skill or supervisory,Boundary monitoring,L1,L1 — Isolated laboratory hardware,"Mediated skill/reference, supervisory, or shared-control configuration","Simulation compares DDPG with a PI controller and applies an external load disturbance at 6 s. A laboratory experiment plots one approximately 9 s response for a 0.35 m trolley move and load-swing damping. No repeated-trial count, failure rate, confidence interval, payload variation, or disturbance trial on hardware is reported.","Supports zero-shot deployment of the reported one-dimensional DDPG controller on a laboratory INTECO trolley-and-pendulum apparatus for one illustrated motion. It does not support three-dimensional crane control, full-scale lifting, field disturbances, repeated-trial reliability, independent safeguarding, or recovery."
CU_R099,R099,wang2024deep,Deep reinforcement learning based online lifting path planning for tower cranes in unknown dynamic environments,L014_YIN_WANG_TOWER_CRANE_HYBRID_TD3,2,Material Placement and Lifting,Task/planner-level,Command intervention,L0,L0 — Simulation only,Task- or planner-level learned decisions,"Six unseen simulated environments contain ten transport tasks, each repeated ten times, for 600 trials used to examine path-length consistency and failures. Some trials collide near congested targets. A separate comparison across the six environments reports 88.33% success, 72.6 m path length, 3.11 operation-complexity coefficient, and 15.5 path steps for the proposed method; comparator success rates are 70% and 76.5%. Metrics other than success use episodes solved by all methods. No hardware or repeated physical test is reported.","Supports hybrid-action online path planning in the reported Webots environments and documents residual failures near congested goals. It does not support safe physical tower-crane execution, load-sway control, sensor robustness, collision recovery, or workflow resumption."
CU_R100,R100,zamfirache2024adaptive,Adaptive reinforcement learning-based control using proximal policy optimization and slime mould algorithm with experimental tower crane system validation,L003_ZAMFIRACHE_LAB_TOWER_CRANE_PLATFORM,2,Material Placement and Lifting,Bounded skill or supervisory,Boundary monitoring,L1,L1 — Isolated laboratory hardware,"Mediated skill/reference, supervisory, or shared-control configuration","One reported 70 s, 7,000-step payload-position experiment compares adaptive SMA--PPO with fixed-rate PPO through tracking, control-signal, learning-rate, and cost plots. The source describes a slight improvement but reports no repeated runs, uncertainty, disturbance test, or independent baseline beyond fixed-rate PPO.","Supports online adaptive learning-rate selection for payload-position tracking on the reported laboratory tower crane in a disturbance-free regime. It does not support disturbance rejection, stability or safety guarantees, full-scale lifting, field operation, or failure recovery."
CU_R103,R103,zamfirache2025safe,Safe reinforcement learning-based control using deep deterministic policy gradient algorithm and slime mould algorithm with experimental tower crane system validation,L003_ZAMFIRACHE_LAB_TOWER_CRANE_PLATFORM,2,Material Placement and Lifting,Bounded skill or supervisory,No reported active execution-time protection,L2,L2 — Varied laboratory hardware,"Mediated skill/reference, supervisory, or shared-control configuration","Tracking metrics and safety penalty are compared on the laboratory tower crane. Table 1 averages settling time, rise time, peak time, and overshoot over 500 trials, experiments 2,500--3,000. The proposed and classical safe-DDPG controllers have similar tracking metrics; cumulative state-safety scores are 3.40 and 3.64. Videos illustrate selected real-time trials.","Supports repeated online learning and payload-position tracking on the reported laboratory tower crane with penalty-defined state ranges. It does not support a hard safety guarantee, independent runtime shielding, stability proof, full-scale lifting, field disturbance response, or workflow recovery."
CU_R108,R108,xiao2026llm_rl_progress,Large Language Model and Reinforcement Learning Based Autonomous Construction and Progress Updates,L002_XIAO_ROBOTIZED_CRANE_PLATFORM,5,Material Placement and Lifting,Task/planner-level,Command intervention,L4,L4 — Near-operational field trial,Not used in comparative authority distribution,"Thirty-five full-scale retaining-wall experiments used a robotized COPMA 430_ENG crane and a 2,400 kg concrete block measuring 1.6 x 0.8 x 0.8 m. Experiments included obstacle-free and obstacle-present cases and lasted about four minutes each. Six placements failed by 1--3 cm, yielding about 83% success.","Supports full-scale execution of a reused SAC-E crane planner with classical kinematic/PID control, progress reporting, and an LLM-mediated human-presence stop/resume function under monitored retaining-wall experiments. It does not support independent-policy replication, autonomous correction after placement failure, unattended operation, or production-duration reliability."
CU_R109,R109,xiao2026retaining_wall_crane,Development and Implementation of Machine Learning–Based Hierarchical Approach for Autonomous Retaining Wall Construction Using a Robotized Crane,L002_XIAO_ROBOTIZED_CRANE_PLATFORM,5,Material Placement and Lifting,Task/planner-level,No reported active execution-time protection,L4,L4 — Near-operational field trial,Not used in comparative authority distribution,"Simulation evaluates 1,000 tasks for each of three obstacle types and reports PPO-I success rates of 98.3%, 98.7%, and 97.1%. A full-scale controlled construction-site experiment uses a robotized mobile crane, concrete blocks, a 1.1 x 1.1 x 1.6 m wooden obstacle on a 1.5 m flatbed, and repeated placements to complete a retaining wall.","Supports full-scale autonomous block transport and repeated retaining-wall placement under the reported static-obstacle, normal-light, low-speed, fixed-hook, and controlled-site conditions. It does not support underactuated swing regulation, moving-obstacle response, failure recovery, or unattended sustained deployment."
CU_R110,R110,felbrich2022autonomous,Autonomous robotic additive manufacturing through distributed model-free deep reinforcement learning in computational design environments,SINGLETON_R110,1,Additive Manufacturing and Surface Processing,Bounded skill or supervisory,Command intervention,L1,L1 — Isolated laboratory hardware,"Mediated skill/reference, supervisory, or shared-control configuration","Block outcomes are qualitative: TD3 fails physically and SAC builds four- to six-block towers. Simulated printing reaches up to seven segments; no repeated success rate, material-quality endpoint, or held-out physical test is reported.","The counted configuration is UR10 block stacking with a 12-by-12 spatial heightmap observation and planner-mediated joint-space release poses. The separate simulated printing case uses a compressed volumetric representation and is not counted as an additional configuration here; physical additive manufacturing, repeated reliability, structural integrity, material-state regulation, defect recovery, and site scale remain outside scope."
CU_R111,R111,wang_reinforcement_2025,Reinforcement learning-based continuous path planning and automated concrete {3D} printing of complex hollow components,SINGLETON_R111,1,Additive Manufacturing and Surface Processing,Task/planner-level,No reported active execution-time protection,L3,L3 — Construction-representative testbed,Task- or planner-level learned decisions,"Software comparisons use three complex hollow cross-sections and report path length, breakpoints, intersections, and filling error. Physical evaluation prints one half-scale roof segment using ten middle layers of the source model at 1-cm layer height and 100% nominal fill.","Supports offline continuous path planning and one conditioned printing demonstration for the reported geometry, scale, material setup, and layer range. It does not support adaptive extrusion control, defect containment, recovery, full-scale printing, or structural qualification."
CU_R112,R112,parisi2024new,A New Concept for Large Additive Manufacturing in Construction: Tower Crane-Based {3D} Printing Controlled by Deep Reinforcement Learning,SINGLETON_R112,1,Material Placement and Lifting,Bounded skill or supervisory,No reported active execution-time protection,L0,L0 — Simulation only,"Mediated skill/reference, supervisory, or shared-control configuration","A simulated 2 m-high curved wall of 10 m radius comprises 40 layers of 0.05 m. Each layer receives a separately sampled sinusoidal force disturbance with amplitude -200--200 N, frequency 6.28--62.8 rad/s, phase 0--0.35 rad, and bias 0--30 N. The TD3-controlled and uncontrolled models are compared against the prescribed trajectory and Eurocode masonry tolerances.","Supports simulated trajectory stabilization for one semicircular wall geometry under the specified transverse force distributions. It does not support physical extrusion, arbitrary toolpaths without retraining, wind and pumping disturbances, sensor-based control, full-scale deployment, safety containment, or failed-layer recovery."
CU_R113,R113,gao2026spraying_sac,Trajectory Planning for a Spraying Robotic Arm Using a Digital Twin and an Improved SAC Algorithm,SINGLETON_R113,1,Additive Manufacturing and Surface Processing,Bounded skill or supervisory,No reported active execution-time protection,L0,L0 — Simulation only,Not used in comparative authority distribution,Simulation evaluation in the same digital-twin class on a two-dimensional S-shaped reference trajectory; trajectory and spraying-process proxy metrics reported across eight independent runs.,"Supports simulated joint-velocity trajectory planning for the reported 4-DOF arm, digital-twin geometry, proxy process variables, and S-shaped path; does not support physical spraying, autonomous defect recovery, or continued workflow operation."
CU_R114,R114,babu2021terrain,Terrain adaption controller for a walking excavator robot using deep reinforcement learning,L009_ARTER_WALKING_EXCAVATOR_SIMULATION,2,"Navigation, Layout, and Logistics Support",Bounded skill or supervisory,Command intervention,L0,L0 — Simulation only,"Mediated skill/reference, supervisory, or shared-control configuration","Each controller runs for one simulated hour; results are mean total and component rewards, not task success or failure counts. Terrain reconstruction is evaluated on 500 samples.","Supports the stated walking-excavator model, procedural terrains, and posture objectives; physical transfer, driving, climbing, stepping, tool use, payload, soil interaction, and recovery remain outside scope."
CU_R115,R115,lee2022digital,Digital Twin-Driven Deep Reinforcement Learning for Adaptive Task Allocation in Robotic Construction,SINGLETON_R115,1,"Navigation, Layout, and Logistics Support",Task/planner-level,No reported active execution-time protection,L0,L0 — Simulation only,Task- or planner-level learned decisions,The DRL and a hand-coded first-arrival/max-load/delivery-order baseline are compared over 840 in-range and 360 out-of-range simulation samples using total bridge-construction time.,"Supports the hypothetical fully observed 49-brick project, three varied rate parameters, and abstract task allocation; synchronized sensing, physical motion, assembly quality, human interaction, failure recovery, and field deployment remain outside scope."
CU_R116,R116,cai2023prediction,Prediction-based path planning for safe and efficient human--robot collaboration in construction via deep reinforcement learning,SINGLETON_R116,1,"Navigation, Layout, and Logistics Support",Bounded skill or supervisory,No reported active execution-time protection,L0,L0 — Simulation only,"Mediated skill/reference, supervisory, or shared-control configuration","Ten thousand 100-step simulated episodes compare prediction-based and conventional DQN using arrival, path ratio, current collision, and predicted-location collision rates.","Supports the stated fully observed 0.5-m grid, nearest-worker representation, five-step forecast, and simulated motion; physical sensing, static geometry, robot dynamics, hard safety, diverse sites, and recovery remain outside scope."
CU_R117,R117,xu_deep_2023,Deep Reinforcement Learning-based Task Assignment and Path Planning for Multi-agent Construction Robots,SINGLETON_R117,1,"Navigation, Layout, and Logistics Support",Bounded skill or supervisory,No reported active execution-time protection,L0,L0 — Simulation only,"Mediated skill/reference, supervisory, or shared-control configuration","Only training reward and subreward curves are reported. No independent inference protocol, repeated seeds, task-completion denominator, or quantitative path outcome is provided.","Supports three virtual TurtleBots, fixed roles, goal-area travel, and reward learning. The learned action is a linear-velocity reference toward the assigned goal (mid-level interface); obstacle rigid bodies and the obstacle-proximity reward were removed for the proof of concept; obstacle-aware planning, construction manipulation, repeated evaluation, physical deployment, role adaptation, and recovery remain outside scope."
CU_R118,R118,Wang2024105538,Synchronized path planning and tracking for front and rear axles in articulated wheel loaders,SINGLETON_R118,1,"Navigation, Layout, and Logistics Support",Bounded skill or supervisory,Boundary monitoring,L2,L2 — Varied laboratory hardware,"Mediated skill/reference, supervisory, or shared-control configuration","Two physical V-shaped paths compare front-and-rear RL with front-axle-only RL. Each appears to be a single trajectory; maximum, average, and variance over time samples are reported rather than replicated trials.","Supports obstacle-free, near-constant-speed path tracking on the stated scale platform and initial-error cases only."
CU_R119,R119,zhao2024adaptive_navigation,Adaptive Intelligence for Robot Navigation Efficiency with a Deep Reinforcement Learning-Based Cyber-Physical System,SINGLETON_R119,1,"Navigation, Layout, and Logistics Support",Bounded skill or supervisory,No reported active execution-time protection,L0,L0 — Simulation only,"Mediated skill/reference, supervisory, or shared-control configuration","Known-map tests compare TD3, A*, and one human tester over 20 attempts per method in each of I-, C-, and L-shaped Gazebo layouts. Unknown-map tests compare TD3 with the same human tester over 20 attempts per method in each layout, with obstacle positions randomized before every attempt. Reach-goal time and collisions per attempt are recorded.","Supports simulated 9 m by 9 m navigation with the stated LiDAR representation, layouts, per-cell attempt count, and comparators. Physical learned-policy execution, moving-site hazards, hard collision containment, post-collision recovery, and field reliability remain outside scope."
CU_R120,R120,babu2025stepping,Stepping Locomotion for a Walking Excavator Robot using Hierarchical Reinforcement Learning and Action Masking,L009_ARTER_WALKING_EXCAVATOR_SIMULATION,2,"Navigation, Layout, and Logistics Support",Bounded skill or supervisory,Command intervention,L0,L0 — Simulation only,"Mediated skill/reference, supervisory, or shared-control configuration","Successful stepping sequences and selected goal distributions are shown. No evaluation denominator, repeated seed, rate, failure count, terrain range, or baseline is reported.","Supports the stated Bullet ARTER model, learned subcontrollers, action masks, and illustrated obstacle sequences; physical transfer, quantitative reliability, terrain generalization, soil interaction, recovery, and earthwork remain outside scope."
CU_R121,R121,duan2025enhancing,Enhancing construction robot collaboration via multiagent reinforcement learning,SINGLETON_R121,1,"Navigation, Layout, and Logistics Support",Bounded skill or supervisory,No reported active execution-time protection,L0,L0 — Simulation only,"Mediated skill/reference, supervisory, or shared-control configuration","Each of four frozen policies is run 100 times from randomized initial object positions. Table 3 reports pick-up or placement rates, collisions per episode, and average steps; A2C and centralized PPO learning curves are also shown.","Supports the specified PR2 model, four virtual tasks, randomized object positions, and RL--IK composition; physical installation, small fasteners, sensor uncertainty, people, construction loads, post-failure recovery, and field deployment remain outside scope."
CU_R122,R122,duan2025safety,Safety-constrained Deep Reinforcement Learning control for human--robot collaboration in construction,SINGLETON_R122,1,"Navigation, Layout, and Logistics Support",Bounded skill or supervisory,Formal runtime enforcement,L2,L2 — Varied laboratory hardware,"Mediated skill/reference, supervisory, or shared-control configuration","Three simulation tasks are each evaluated over 100 randomized tests after training: a static worker in the planned path, a worker approaching and retreating, and a worker crossing the path. Additional conditions fix worker velocity at its maximum or change posture to standard standing; six control methods are compared.","Supports single-worker separation and bounded robot dynamics for the reported fixed xArm, calibrated single-camera sensing, reaching task, static/dynamic intrusion patterns, and laboratory geometry. It does not support high-speed opposing human motion beyond actuation capability, occluded/multiple workers, extended manipulated objects, close-contact handover, mobile equipment, or resumed construction production."
CU_R123,R123,muafi2025vision,Vision-based Control for Excavator Navigation Using Deep Reinforcement Learning,L015_MUAFI_LAKSANA_WEBOTS_EXCAVATOR_NAVIGATION,2,"Navigation, Layout, and Logistics Support",Bounded skill or supervisory,No reported active execution-time protection,L0,L0 — Simulation only,"Mediated skill/reference, supervisory, or shared-control configuration","One fixed-target trajectory and four separately relocated visible-target cases are shown. The paper reports target attainment but no repeated-trial success denominator, collision metric, path metric, uncertainty interval, or navigation baseline.","Supports the simplified wheeled model, one visually distinctive target, exact bounded arena, and five illustrated target cases; unseen-target search, obstacle navigation, physical dynamics, repeated reliability, excavation, recovery, and hardware remain outside scope."
CU_R124,R124,wu2025robot,Robot in the loop: a human-centered approach to contextualizing {AI} and robotics in construction,SINGLETON_R124,1,"Navigation, Layout, and Logistics Support",Bounded skill or supervisory,Command intervention,L5,L5 — Workflow-integrated repeated operation,"Mediated skill/reference, supervisory, or shared-control configuration","Two lab scenarios contain ten test cases each; four runs per case, two RL and two non-RL, yield 80 randomized and evaluator-blinded runs. A separate three-hour site session asks workers to enact three formwork-support prompts; the third is curtailed by technical malfunction.","Supports socially aware tool-delivery navigation in the reported lab and supervised construction-floor settings. It does not support autonomous loading, collision-free certification, recovery from mapping failure, or long-term deployment reliability."
CU_R125,R125,duan2026uav_tower_crane,Path planning for UAV-based construction safety inspection under spatiotemporal interference from tower cranes,SINGLETON_R125,1,"Navigation, Layout, and Logistics Support",Task/planner-level,Command intervention,L0,L0 — Simulation only,Task- or planner-level learned decisions,"The simplified-model comparison contrasts a fixed-height orthographic route with the hierarchical learned route. The project-derived-model comparison contrasts a traditional fixed-height route, a TSP route using optimized viewpoints, and the PPO-plus-low-level route. Reported outputs are generated routes, coverage, total time, waiting time, and modeled hazard intrusion; no repetition count or uncertainty interval is stated.","Supports hierarchical viewpoint sequencing and deterministic spatiotemporal avoidance in one simplified model and one site-derived model under stated crane kinematics. Physical learned-route flight, noisy or delayed crane-state estimation, sudden speed changes, multiple sites, multi-UAV operation, and fault recovery remain outside scope."
CU_R126,R126,gao2026deep,Deep reinforcement learning coupled with topological scene graph for dynamic path planning of autonomous bulldozer in complex earthwork construction,SINGLETON_R126,1,"Navigation, Layout, and Logistics Support",Task/planner-level,Command intervention,L4,L4 — Near-operational field trial,Task- or planner-level learned decisions,"Simulation reports success and path distance across 600 environments. Real-perception evaluation uses two tasks in each of eight fields for static tests and one task in each of six dynamic fields, with distance and steering comparisons.","Supports the stated autonomous bulldozer, low-speed earthwork transition, mapped obstacles, and two Lawa fields; repeated deployment, crowded human interaction, adverse perception, and high-speed operation remain outside scope."
CU_R127,R127,ren2026human_uav,Safety-aware predictive motion planning for close-range human-UAV collaboration in construction,SINGLETON_R127,1,"Navigation, Layout, and Logistics Support",Bounded skill or supervisory,No reported active execution-time protection,L0,L0 — Simulation only,"Mediated skill/reference, supervisory, or shared-control configuration","Navigation and tool-interaction policies are evaluated in Gazebo 11/ROS Noetic across five scene variants with randomized obstacles and worker trajectories. The article reports 3,000 total planning trials, 1,500 per task type. Baselines are risk-unaware A* plus MPC, DWA, and the learned policy without the predictive safety map.","Supports forecast-conditioned UAV planning in the stated simulated indoor construction scenes and scripted worker tasks. Physical drone-worker collaboration, hard separation guarantees, collision recovery, varying vehicle dynamics, handheld-tool uncertainty beyond joint Gaussians, and field reliability remain outside scope."
CU_R131,R131,laksana2025navigating,Navigating Vision-based Autonomous Excavator Robot Using Deep Reinforcement Learning,L015_MUAFI_LAKSANA_WEBOTS_EXCAVATOR_NAVIGATION,2,"Navigation, Layout, and Logistics Support",Bounded skill or supervisory,No reported active execution-time protection,L0,L0 — Simulation only,"Mediated skill/reference, supervisory, or shared-control configuration","Three simulated target placements are evaluated: a barrel to the right, pallet at the center, and rock to the left. Thirty trials are reported per placement, for 90 trials total. Success is 100% at the center and 90% on both sides, approximately 93% overall. Mean turret and base angular errors are 7.96 and 20.5 degrees. No obstacle, collision, terrain, excavation, repeated-route, or physical test is reported.","Supports PPO-based camera-conditioned target seeking in the reported Webots arena and target placements. It does not support physical excavator navigation, obstacle avoidance, excavation, hazardous-environment operation, or recovery."
CU_R136,R136,hu2026sampleefficient,Sample-Efficient Robot Skill Learning for Construction Tasks: Benchmarking Hierarchical Reinforcement Learning and Vision-Language-Action Model,L018_CHANDRAMOULI_PANEL_INSTALLATION_HRL_VLA,2,Structural Assembly and Installation,Bounded skill or supervisory,No reported active execution-time protection,L0,L0 — Simulation only,Robot skill/action generation,"All policy experiments execute in MuJoCo for panel pickup, transport, and installation; no learned policy is evaluated on hardware.","Supports simulated panel pickup, transport, and installation by the disclosed learned policies. Physical execution, execution-time protection, and construction-workflow recovery remain outside scope."
CU_R138,R138,hybrid_tbm_2026,Hybrid deep reinforcement learning with generative data augmentation for TBM trajectory deviation control,L022_PAN_TBM_DEVIATION_CTGAN_DDPG,1,Earthwork and Material Processing,Task/planner-level,No reported active execution-time protection,L0,L0 — Simulation only,Recommended TBM operating-parameter adjustments,TBM trajectory-deviation parameter optimization; Project-data replay/virtual model,Project-data replay/virtual model
CU_R139,R139,adaptive_tbm_2026,Adaptive TBM deviation correction with deep reinforcement learning considering physical constraints,L023_LIN_TBM_DUBINS_DDPG,1,Earthwork and Material Processing,Bounded skill or supervisory,No reported active execution-time protection,L0,L0 — Simulation only,Dynamic correction action along a curvature-feasible reference path,TBM deviation correction to the design alignment; Project-data case study in a learned/physics environment,Project-data case study in a learned/physics environment
CU_R141,R141,td3_mpc_crane_2026,TD3-Enhanced MPC for Safe Braking of Overhead Cranes with Safety-Critical Region Prediction,L025_ZHANG_CRANE_TD3_MPC_BRAKING,1,Material Placement and Lifting,Bounded skill or supervisory,Command intervention,L2,L2 — Varied laboratory hardware,MPC parameter/reference optimization,"Physical TD3–MPC braking is reported under varied payload mass, rope length, velocity and obstacle distance. Neural-weight updating during physical evaluation is not clearly reported.",Supports controlled physical braking and swing suppression with state-dependent MPC parameter selection; field workflow integration and post-interruption task resumption are not established.
CU_R142,R142,ren2026surfacefinishing,A perception-to-control computational pipeline for humanoid robot-based construction surface finishing via attention-based normal refinement and residual reinforcement learning,L026_REN_JEBELLI_HUMANOID_FINISHING,1,Additive Manufacturing and Surface Processing,Residual learning within classical control,Command intervention,L0,L0 — Simulation only,Residual correction to the nominal execution command,"Quantitative residual-policy evaluation is reported in ROS/Isaac Sim. A preliminary physical test demonstrates wall approach, alignment and contact initiation; residual-policy activation in this test is unspecified.",Supports simulated residual correction for surface-finishing motion. The preliminary approach test does not establish physical execution of the learned finishing configuration or post-failure recovery.
CU_R144,R144,coherent_excavator_2024,Simulation of Coherent Excavator Operations in Earthmoving Tasks Based on Reinforcement Learning,L028_LIU_COHERENT_EXCAVATOR_SIM,1,Earthwork and Material Processing,Bounded skill or supervisory,No reported active execution-time protection,L0,L0 — Simulation only,Commands to a six-degree-of-freedom simulated excavator,"Simulated excavator scraping, digging, throwing, and return sequence; 3D simulation",3D simulation
CU_R148,R148,shield_hierarchical_2024,Autonomous collaborative optimization control of earth pressure balance shield machine based on hierarchical control architecture,L032_LIU_EPB_SHIELD_HIERARCHICAL,1,Earthwork and Material Processing,Bounded skill or supervisory,No reported active execution-time protection,L0,L0 — Simulation only,Pressure reference passed to the execution level,EPB shield sealed-cabin-pressure control under geological change; Simulation based on a Beijing Metro project,Simulation based on a Beijing Metro project
CU_R151,R151,SlurryShield2023,Coordinated Tuning of Slurry Shield Control Parameters based on Reinforcement Learning,L034_WU_SLURRY_SHIELD_SAC,1,Earthwork and Material Processing,Task/planner-level,No reported active execution-time protection,L0,L0 — Simulation only,Shield control-parameter recommendations/commands,Coordinated slurry-shield face-pressure and tunnelling-speed tuning; Experimental/simulation evaluation; physical execution status requires full-text confirmation,Experimental/simulation evaluation; physical execution status requires full-text confirmation
CU_R154,R154,cai2023integrated,An Integrated Approach Combining Virtual Environments and Reinforcement Learning to Train Construction Robots for Conducting Tasks Under Uncertainties,L020_CAI_UNITY_CONSTRUCTION_ROBOT_PPO,2,Structural Assembly and Installation,Bounded skill or supervisory,No reported active execution-time protection,L0,L0 — Simulation only,Robot-arm motion command,Robot-arm window installation under randomized workpiece conditions; Randomized virtual construction testbed,Randomized virtual construction testbed
CU_R159,R159,xiao2023crane_ppo,A reinforcement learning based construction material supply strategy using robotic crane and computer vision for building reconstruction after an earthquake,L002_XIAO_ROBOTIZED_CRANE_PLATFORM,5,Material Placement and Lifting,Task/planner-level,No reported active execution-time protection,L0,L0 — Simulation only,"The PPO actor maps crane, payload, target, distance, swing, and collision-warning state to increments of the telescopic-boom endpoint coordinates in the simulated crane model.",Two PPO policies are evaluated in simulated loading and unloading tasks with and without an intervening obstacle. Each task condition uses 100 randomized target scenarios; no physical execution or independent runtime intervention is reported.,"Supports simulated three-dimensional construction-material transport with the stated COPMA 510_ENG model, payload, obstacle, reward, and target randomization. It does not support hardware transfer, external command filtering, autonomous post-collision recovery, or continued construction workflow."
CU_R160,R160,nan2024adaptive,Learning Adaptive Controller for Hydraulic Machinery Automation,L004_HEAP_EXCAVATOR_EGLI_PLATFORM,4,Earthwork and Material Processing,Bounded skill or supervisory,No reported active execution-time protection,L3,L3 — Construction-representative testbed,Prescribed task-space trajectory -> inverse kinematics -> feedforward and PID position feedback generating cylinder-velocity references -> shared PPO-trained cylinder policy with cylinder-specific adapted latent -> pilot-stage valve command.,"HEAP circular and line tracking and 2 m shallow grading at about 5 cm ground penetration, 20 cm/s; grading mean trajectory error 3.62 cm and mean path deviation 3.38 cm. Same trained cylinder controller also evaluated on SAHA forestry machine after separate latent adaptation; SAHA is not a second construction configuration.",Shallow grading and motion tracking under slowly varying load assumptions. HEAP adaptation within 10 minutes; SAHA about 8 minutes with supervised excitation. Excavation and deeper grading are explicitly outside demonstrated capability. No recovery after realized failure or sustained workflow validation.
CU_R094_TRANSPORT,R094,kim2022reinforcement,Reinforcement Learning-Based Transportation and Sway Suppression Methods for Gantry Cranes in Simulated Environment,SINGLETON_R094,1,Material Placement and Lifting,Bounded skill or supervisory,No reported active execution-time protection,L0,L0 — Simulation only,PPO selects discrete gantry and trolley actions in a Unity gantry-crane simulator.,Task 1 evaluates horizontal transport toward a destination with sway-related rewards and a transport endpoint.,Simulated precast-yard transport. Separately trained from Task 2; no physical-policy execution or active execution-time protection established.
CU_R094_POSITIONING,R094,kim2022reinforcement,Reinforcement Learning-Based Transportation and Sway Suppression Methods for Gantry Cranes in Simulated Environment,SINGLETON_R094,1,Material Placement and Lifting,Bounded skill or supervisory,No reported active execution-time protection,L0,L0 — Simulation only,A separately trained PPO policy selects gantry and trolley actions for final positioning and residual-sway suppression.,"Task 2 uses relative position and sway observations, task-specific rewards, and distance/energy endpoint criteria.",Simulated final positioning and sway suppression. Separate learned function and endpoint from Task 1; no physical-policy execution or active execution-time protection established.
CU_R097,R097,wu2023deep,Deep Reinforcement Learning-Based Control for Asynchronous Motor-Actuated Triple Pendulum Crane Systems with Distributed Mass Payloads,SINGLETON_R097,1,Material Placement and Lifting,Bounded skill or supervisory,No reported active execution-time protection,L1,L1 — Isolated laboratory hardware,"PPO plans an acceleration trajectory; downstream tracking combines PID, adaptive dead-zone compensation, and a modified Smith predictor before PLC/motor execution.","A 2-ton crane executes PPO-based trajectories and is compared with manual operation; the reported maximum swing angles are approximately 0.2 and 4.46 degrees, respectively.",Isolated laboratory crane evaluation. Physical comparison of tracking components does not establish L2 exposure for the learned planner. Training bounds and restart rules are not coded as active protection during evaluation.
